{"cameraMode":{"drawMode":0,"name":"Shaded","section":"Shading Mode"},"sceneLighting":false,"audioPlay":false,"sceneViewState":{"m_AlwaysRefresh":false,"showFog":true,"showSkybox":false,"showFlares":true,"showImageEffects":true,"showParticleSystems":true,"showVisualEffectGraphs":true,"m_FxEnabled":true},"in2DMode":false,"pivot":{"x":-1.862645149230957e-9,"y":0.2579372525215149,"z":0.06017300486564636},"rotation":{"x":0.20908628404140473,"y":-0.7646816968917847,"z":0.3079693019390106,"w":0.5265060067176819},"size":0.2696191072463989,"orthographic":false}